{"(3, 20)": 73.21125, "(5, 20)": 73.2125, "(3, 25)": 73.061, "(5, 25)": 72.927, "(3, 30)": 72.76166666666667, "(5, 30)": 72.94583333333333, "(3, 35)": 72.69785714285715, "(5, 35)": 72.61357142857143, "(3, 40)": 72.600625, "(5, 40)": 72.53375, "(3, 45)": 72.36111111111113, "(5, 45)": 72.41666666666669, "(3, 50)": 72.2045, "(5, 50)": 72.123, "(3, 55)": 71.78909090909092, "(5, 55)": 71.90227272727272, "(3, 60)": 71.60208333333334, "(5, 60)": 71.65375}