{"(3, 20)": 75.14125, "(5, 20)": 74.9625, "(3, 25)": 74.956, "(5, 25)": 74.575, "(3, 30)": 74.655, "(5, 30)": 74.59583333333333, "(3, 35)": 74.63785714285714, "(5, 35)": 74.38357142857143, "(3, 40)": 74.354375, "(5, 40)": 74.186875, "(3, 45)": 73.98333333333335, "(5, 45)": 74.06277777777778, "(3, 50)": 73.7955, "(5, 50)": 73.7995, "(3, 55)": 73.52454545454545, "(5, 55)": 73.48363636363636, "(3, 60)": 73.03333333333335, "(5, 60)": 73.17958333333334}