{"(3, 20)": 98.95375, "(5, 20)": 98.9575, "(3, 25)": 98.897, "(5, 25)": 98.911, "(3, 30)": 98.86750000000002, "(5, 30)": 98.85916666666668, "(3, 35)": 98.79714285714284, "(5, 35)": 98.87785714285712, "(3, 40)": 98.74125, "(5, 40)": 98.711875, "(3, 45)": 98.65777777777778, "(5, 45)": 98.66555555555556, "(3, 50)": 98.5245, "(5, 50)": 98.6035, "(3, 55)": 98.38136363636364, "(5, 55)": 98.37363636363636, "(3, 60)": 98.20125000000002, "(5, 60)": 98.22833333333334}