{"(3, 20)": 99.50875, "(5, 20)": 99.53, "(3, 25)": 99.47, "(5, 25)": 99.432, "(3, 30)": 99.36083333333335, "(5, 30)": 99.41166666666669, "(3, 35)": 99.30214285714284, "(5, 35)": 99.32285714285713, "(3, 40)": 99.24875, "(5, 40)": 99.22625, "(3, 45)": 99.15, "(5, 45)": 99.165, "(3, 50)": 99.0225, "(5, 50)": 99.04, "(3, 55)": 98.89227272727274, "(5, 55)": 98.87772727272728, "(3, 60)": 98.70041666666668, "(5, 60)": 98.72708333333334}