{"(3, 20)": 98.7025, "(5, 20)": 98.68625, "(3, 25)": 98.596, "(5, 25)": 98.698, "(3, 30)": 98.59666666666669, "(5, 30)": 98.62166666666668, "(3, 35)": 98.58571428571426, "(5, 35)": 98.59642857142856, "(3, 40)": 98.5075, "(5, 40)": 98.46375, "(3, 45)": 98.41111111111113, "(5, 45)": 98.38111111111112, "(3, 50)": 98.2515, "(5, 50)": 98.2785, "(3, 55)": 98.16818181818182, "(5, 55)": 98.14181818181818, "(3, 60)": 98.03166666666668, "(5, 60)": 97.97}