{"(3, 20)": 98.0325, "(5, 20)": 98.0575, "(3, 25)": 98.006, "(5, 25)": 97.98, "(3, 30)": 97.94916666666667, "(5, 30)": 97.95333333333335, "(3, 35)": 97.88071428571429, "(5, 35)": 97.83642857142858, "(3, 40)": 97.7575, "(5, 40)": 97.744375, "(3, 45)": 97.73222222222223, "(5, 45)": 97.73944444444446, "(3, 50)": 97.611, "(5, 50)": 97.645, "(3, 55)": 97.56727272727271, "(5, 55)": 97.55181818181818, "(3, 60)": 97.41291666666669, "(5, 60)": 97.4425}