{"(3, 20)": 98.75125, "(5, 20)": 98.70125, "(3, 25)": 98.631, "(5, 25)": 98.565, "(3, 30)": 98.54500000000002, "(5, 30)": 98.53166666666668, "(3, 35)": 98.41999999999999, "(5, 35)": 98.38785714285711, "(3, 40)": 98.366875, "(5, 40)": 98.339375, "(3, 45)": 98.22277777777778, "(5, 45)": 98.24000000000001, "(3, 50)": 98.0435, "(5, 50)": 98.092, "(3, 55)": 97.95727272727272, "(5, 55)": 97.92454545454547, "(3, 60)": 97.78125000000001, "(5, 60)": 97.74125}