{"(3, 20)": 99.11625, "(5, 20)": 99.13625, "(3, 25)": 99.119, "(5, 25)": 99.046, "(3, 30)": 99.05750000000002, "(5, 30)": 99.06083333333335, "(3, 35)": 98.97714285714284, "(5, 35)": 99.04571428571425, "(3, 40)": 98.903125, "(5, 40)": 98.9675, "(3, 45)": 98.8611111111111, "(5, 45)": 98.88055555555555, "(3, 50)": 98.7505, "(5, 50)": 98.824, "(3, 55)": 98.70545454545453, "(5, 55)": 98.72272727272728, "(3, 60)": 98.48750000000001, "(5, 60)": 98.54166666666667}