{"(3, 20)": 97.88875, "(5, 20)": 97.9025, "(3, 25)": 97.672, "(5, 25)": 97.739, "(3, 30)": 97.78333333333335, "(5, 30)": 97.66916666666667, "(3, 35)": 97.61428571428571, "(5, 35)": 97.64, "(3, 40)": 97.543125, "(5, 40)": 97.566875, "(3, 45)": 97.46333333333334, "(5, 45)": 97.52722222222225, "(3, 50)": 97.4195, "(5, 50)": 97.4255, "(3, 55)": 97.28681818181818, "(5, 55)": 97.33590909090908, "(3, 60)": 97.21083333333334, "(5, 60)": 97.21541666666667}