{"(3, 20)": 89.0125, "(5, 20)": 89.04875, "(3, 25)": 88.914, "(5, 25)": 88.855, "(3, 30)": 88.91333333333334, "(5, 30)": 88.8975, "(3, 35)": 88.78857142857142, "(5, 35)": 88.72857142857143, "(3, 40)": 88.595, "(5, 40)": 88.575, "(3, 45)": 88.58611111111112, "(5, 45)": 88.59333333333335, "(3, 50)": 88.2275, "(5, 50)": 88.1675, "(3, 55)": 88.04272727272726, "(5, 55)": 87.99909090909091, "(3, 60)": 87.79791666666667, "(5, 60)": 87.81291666666665}